Review,Sentiment
Lovely,positive
Very comfy for walking.,positive
I Like the color and the stretch but the are way to loose. This is my 5 or 6th set of jeans from old navy. I wear 33W 36L. I would size down on waist if i could.,negative
Just fits perfectly. Soft and comfortable to wear,positive
Nice fit.,positive
Perfect fit,positive
Always good price,positive
Really nice looking jeans. Levi quality with Old Navy price!,positive
"Easy to order, just what I wanted",positive
My sons go to jean,neutral
Bell bottom boot cut,neutral
Thankful for the tall sizes! 30x36 is a perfect fit!,positive
"Great product, Great price, and delivered fast. thank you",positive
"I bought these for my 14 yr old son. He is almost 5'8, about 120 pounds. I got him a 30x34 and they fit great.",positive
"Thought I wish we could go back to the days where you could get a true fit (34X31 or 35X31) the pants made me feel great about my weight loss. It has been years since I fit into a size 34, and these fit great! I will be wearing these for a very long time!",positive
Good looking pair of jeans. Comfortable and affordable. My favorite cut. Have another pair ordered!,positive
Comfortable pants for my husband. Makes the booty look nice.,positive
Smooth Transaction and prompt Shipping. Thank you again Old Navy. Love your Jeans!!,positive
First pair of men's jeans I've had to by for my son. He really liked them. Especially the dark wash. Not tight in the thighs. And washed nicely.,positive
True to fit and comfey. The stretch material helps maintain the comfort especially in the sitting position for long periods of time behind the desk. Love these jeans!,positive
Last loose fit jeans I can find,neutral
They are comfortable and fit as expected.,positive
The quality and price of the jeans is awesome.,positive
Very comfy,positive
Fits perfectly! Now looking for different colors,positive
"Comfortable fit, able to move in them",positive
Perfect fit just like pic,positive
Just like pic!! Perfect fit recommend,positive
"Easy to order, just what I wanted",positive
Product is very well made,positive
Nice jeans just didn't look great on my husband,negative
Good looking,positive
"Good quality , great fit, fading is yellowish is the only downfall , not really a attractive wash!",positive
"Bought these for my 14 yr old son. He is almost 5'8, about 120 pounds. I ordered size 30x34 and they fit great.",positive
"Great fit, and the most comfortable pair of jeans I've owned.",positive
"Very comfortable, with a lot stretch. Only issue was that they got a tad stretched out after second wearing. Fit true to size.",mixed
"Very comfortable,  great fit@",positive
"Very Comfortable,  great fit!",positive
Great color and wash just returned because of the wrong size,positive
"Great product, feels very comfortable and stylish.",positive
"Very disappointed, always wears a 32 waist and these were super big in a 32. Sizing must run large in the black.",negative
Didn't have my length but they are good jeans,positive
Great fit! Exactly as written,positive
Very comfortable and they fit perfectly.,positive
The fabric is a little tough and not as much flex as I typically like in my jeans. Overall great fit.,mixed
It's a perfect fit accurate sizing with your needs.,positive
"It's very comfy and a slim look when I wore.
I'm going buy a dark color too",positive
Nice jean for my son but the sizing was off so I had to return it. It was way too small.,mixed
"Very nice fit, gives with movements",positive
Great fit!,positive
"Very disappointed, always wears a 32 waist and these were super big in a 32. Sizing must run large in the black.",negative
Didn't have my length but they are good jeans,positive
Great fit! Exactly as written,positive
Very comfortable and they fit perfectly.,positive
The fabric is a little tough and not as much flex as I typically like in my jeans. Overall great fit.,mixed
It's a perfect fit accurate sizing with your needs.,positive
"It's very comfy and a slim look when I wore.
I'm going buy a dark color too",positive
Nice jean for my son but the sizing was off so I had to return it. It was way too small.,mixed
"Very nice fit, gives with movements",positive
Great fit!,positive
"Rugged, durable, and stylish!",positive
Perfect fit,positive
Really comfortable jeans and nice marerial,positive
Very comfortable,positive
"Overall, these fit great and the style is perfect for fall.",positive
Roomy and fit well,positive
Nice pants,positive
"Fits perfectly, love the dark wash!",positive
"Great fit, comfortable, look awesome",positive
"Bought the jeans for my son, they fit well, good quality.",positive
Great fit,positive
Stylish and comfortable,positive
"Love the slim fit, still very comfortable and soft. Can't wait to wear with my brown boots.",positive
Getting hard to find. Thanks for an easy convenient transaction,mixed
good looking jeans,positive
"Good overall fit, it is hard to find jeans that fit how I like them but these were great.",positive
I love the fit and look of the denim.,positive
Wonderful!,positive
"Great fit, look great",positive
Great fit. Add a little cuff to the bottom and you've got yourself a great looking pair of jeans,positive
"My husband loved these jeans when he tried them on.  They stretched in just the right way, and I loved the feel of the material.",positive
Super comfy and they look great!,positive
These are amazing and fit perfectly,positive
"Nice jeans,color and got is good but you can size down in waist,but overall nice",positive
Great fit. Love that these jeans are loose fitting but not to baggy. Love that old navy has sizing for tall and skinny. Ordered the 30 x 34. Perfect color. Not too dark or too light.,positive
Comfortable  Fit Comfortable Price,positive
Coooool,positive
I love the shade of denim and the fit is great-love the stretch ! Very comfortable,positive
Perfect for my family,positive
Great fit and comfy too,positive
"My husband loved these jeans when he tried them on.  They stretched in just the right way, and I loved the feel of the material.",positive
Super comfy and they look great!,positive
These are amazing and fit perfectly,positive
"Nice jeans,color and got is good but you can size down in waist,but overall nice",positive
Great fit. Love that these jeans are loose fitting but not to baggy. Love that old navy has sizing for tall and skinny. Ordered the 30 x 34. Perfect color. Not too dark or too light.,positive
Comfortable  Fit Comfortable Price,positive
Coooool,positive
I love the shade of denim and the fit is great-love the stretch ! Very comfortable,positive
Perfect for my family,positive
Great fit and comfy too,positive
Great fit and they look good.,positive
These are great jeans. Perfect for any occasion. Hubby is loving the stretch.,positive
"Awesome,perfect jeans",positive
"Fit nice!
Comfortable!
Great color!",positive
"These wear more comfortably than I expected, slim fitting and cool stylings.",positive
Comfortable and great colour,positive
"I love these jeans, it's a nice dark grey wash and fits great. I love the little bit of stretch in the fabric.",positive
They feel great.,positive
Love the fit,positive
So comfortable and great colour!,positive
Nice jeans just didn't look great on my husband,negative
Good looking,positive
"Good quality , great fit, fading is yellowish is the only downfall , not really a attractive wash!",positive
"Bought these for my 14 yr old son. He is almost 5'8, about 120 pounds. I ordered size 30x34 and they fit great.",positive
"Great fit, and the most comfortable pair of jeans I've owned.",positive
"Very comfortable, with a lot stretch. Only issue was that they got a tad stretched out after second wearing. Fit true to size.",mixed
"Very comfortable,  great fit@",positive
"Very Comfortable,  great fit!",positive
Great color and wash just returned because of the wrong size,positive
"Great product, feels very comfortable and stylish.",positive
Super stretchy and comfortable,positive
Great fit.,positive
They are blue,neutral
Very comfortable nice fit good quality,positive
Price was great! Good fit.,positive
So comfy and great material,positive
The jeans are comfortable and look good.,positive
Go to work and casual jeans,neutral
Fits just right,positive
These are the only jeans my son's wants. He loves that they have a bit of stretch while still looking slim.,positive
The Slim 360 fit my son perfectly.,positive
Super stretchy and comfortable,positive
Great pants super strechable,positive
So comfy,positive
All around great!,positive
Great pair of jeans! Thank you Old Navy,positive
we got these in the dark blue out of the four pairs we bought. I think these might be my son's favorite.,positive
Found the fit to be exactly right but I don't like the light wash as much as the dark wash.. more a matter of personal preference...,neutral
"Fits great, super comfortable stretch. Great style/colors. I've bought 3 pairs already.",positive
Great quality,positive
"Very disappointed, always wears a 32 waist and these were super big in a 32. Sizing must run large in the black.",negative
Didn't have my length but they are good jeans,positive
Great fit! Exactly as written,positive
Very comfortable and they fit perfectly.,positive
The fabric is a little tough and not as much flex as I typically like in my jeans. Overall great fit.,mixed
It's a perfect fit accurate sizing with your needs.,positive
"It's very comfy and a slim look when I wore.
I'm going buy a dark color too",positive
Nice jean for my son but the sizing was off so I had to return it. It was way too small.,mixed
"Very nice fit, gives with movements",positive
Great fit!,positive
Jeans can be dressed up or as casual,neutral
Jeans look amazing on,positive
üòä,positive
"They fit good

However they don't flex like they are supposed to",positive
"Great for, I'm 5'7 and these jeans fit really well.",positive
Perfect fit my son is 6'4 150lbs,positive
The jeans are comfortable and look good.,positive
Very stylish,positive
Perfect fit,positive
Great fitting jeans for my son. Had to order online since the store does not carry the size I needed,mixed
"These look great on my partner, washed well as well.",positive
Comfy not over tight,positive
True to size great color my husband loves these. He like the color the fit and how comfortable they are. Will buy again,positive
Nice and light! A very good option for work,positive
"Good fit, a bit long in the rise but overall a win.",positive
Jeans fit nice they show off my husband's butt just nice,positive
He finds them comfortable and the colouring is great.,positive
"Classi style, classic fit - the perfect jean for everyday wear.",positive
Great pair and style for a great price. Couldn't ask for better. #sweepstakes,positive
Great jeans for our high school senior. Fit was fabulous. Color is so nice.,positive
Third pair this year that ripped along the back pocket seam.  The fit and comfort were great but not worth it if I need to worry the back of my jeans will rip every time I pick something up.,negative
"Great color, great fit!",positive
"Couldn't be more pleased. I'm kinda between sizes, so ordered up, but with stretchy fit it worked perfect. I bought all colors!",mixed
Decent fit...true to size,positive
"Really like these jeans, good cut, good fabric, great color. They're my new favorites",positive
These pants have the perfect stretch for a great fit,positive
Great durable fabric with flexible soft feel and good pricing.,positive
Great,positive
"Stylish, but for some reason, walking around in these pants made my upper, inner thighs chafe. need a different fit so the fabric rubs against itself, not my skin. I like the indigo color because it can be worn for casual or work.",positive
Very nice jeans,positive
Third pair this year that ripped along the back pocket seam.  The fit and comfort were great but not worth it if I need to worry the back of my jeans will rip every time I pick something up.,negative
"Great color, great fit!",positive
"Couldn't be more pleased. I'm kinda between sizes, so ordered up, but with stretchy fit it worked perfect. I bought all colors!",mixed
Decent fit...true to size,positive
"Really like these jeans, good cut, good fabric, great color. They're my new favorites",positive
These pants have the perfect stretch for a great fit,positive
Great durable fabric with flexible soft feel and good pricing.,positive
Great,positive
"Stylish, but for some reason, walking around in these pants made my upper, inner thighs chafe. need a different fit so the fabric rubs against itself, not my skin. I like the indigo color because it can be worn for casual or work.",positive
Very nice jeans,positive
Third pair this year that ripped along the back pocket seam.  The fit and comfort were great but not worth it if I need to worry the back of my jeans will rip every time I pick something up.,negative
"Great color, great fit!",positive
"Couldn't be more pleased. I'm kinda between sizes, so ordered up, but with stretchy fit it worked perfect. I bought all colors!",mixed
Decent fit...true to size,positive
"Really like these jeans, good cut, good fabric, great color. They're my new favorites",positive
These pants have the perfect stretch for a great fit,positive
Great durable fabric with flexible soft feel and good pricing.,positive
Great,positive
"Stylish, but for some reason, walking around in these pants made my upper, inner thighs chafe. need a different fit so the fabric rubs against itself, not my skin. I like the indigo color because it can be worn for casual or work.",positive
Very nice jeans,positive
"These look great on my partner, washed well as well.",positive
Comfy not over tight,positive
True to size great color my husband loves these. He like the color the fit and how comfortable they are. Will buy again,positive
Nice and light! A very good option for work,positive
"Good fit, a bit long in the rise but overall a win.",positive
Jeans fit nice they show off my husband's butt just nice,positive
He finds them comfortable and the colouring is great.,positive
"Classi style, classic fit - the perfect jean for everyday wear.",positive
Great pair and style for a great price. Couldn't ask for better. #sweepstakes,positive
Great jeans for our high school senior. Fit was fabulous. Color is so nice.,positive
So wonderful to find pants to fit my tall skinny guy! 30x36 is a perfect fit!,positive
My son wears them everyday and they last,neutral
My son wears them everyday!,positive
"Nice looking, good quality and great fitting jeans.",positive
My husband likes these pants because they're comfortable and baggy.,positive
Great fit,positive
Beautiful,positive
My son's favourite jeans,positive
Fast and easy! Very good service. After sale specials are awesome.,positive
They fit perfect. The associate Sean was very helpful in picking out the right jeans for my son.,positive
Bell bottom boot cut,neutral
Thankful for the tall sizes! 30x36 is a perfect fit!,positive
"Great product, Great price, and delivered fast. thank you",positive
"I bought these for my 14 yr old son. He is almost 5'8, about 120 pounds. I got him a 30x34 and they fit great.",positive
"Thought I wish we could go back to the days where you could get a true fit (34X31 or 35X31) the pants made me feel great about my weight loss. It has been years since I fit into a size 34, and these fit great! I will be wearing these for a very long time!",positive
Good looking pair of jeans. Comfortable and affordable. My favorite cut. Have another pair ordered!,positive
Comfortable pants for my husband. Makes the booty look nice.,positive
Smooth Transaction and prompt Shipping. Thank you again Old Navy. Love your Jeans!!,positive
First pair of men's jeans I've had to by for my son. He really liked them. Especially the dark wash. Not tight in the thighs. And washed nicely.,positive
True to fit and comfey. The stretch material helps maintain the comfort especially in the sitting position for long periods of time behind the desk. Love these jeans!,positive
"They fit true to size, are very light weight, and have a nicer color than they show online.",positive
Great fit,positive
Nice looking jeans good quality and price,positive
Easy transaction and fast shipping. Will purchase again!,positive
nice color,positive
it was too tight,negative
"Great price, appreciate the sale",positive
Great price and good quality,positive
Great fit,positive
My husband love the jeans felt comfortable looked good. He said. Washes really nice.,positive
"They fit true to size, are very light weight, and have a nicer color than they show online.",positive
Great fit,positive
Nice looking jeans good quality and price,positive
Easy transaction and fast shipping. Will purchase again!,positive
nice color,positive
it was too tight,negative
"Great price, appreciate the sale",positive
Great price and good quality,positive
Great fit,positive
My husband love the jeans felt comfortable looked good. He said. Washes really nice.,positive
So wonderful to find pants to fit my tall skinny guy! 30x36 is a perfect fit!,positive
My son wears them everyday and they last,neutral
My son wears them everyday!,positive
"Nice looking, good quality and great fitting jeans.",positive
My husband likes these pants because they're comfortable and baggy.,positive
Great fit,positive
Beautiful,positive
My son's favourite jeans,positive
Fast and easy! Very good service. After sale specials are awesome.,positive
They fit perfect. The associate Sean was very helpful in picking out the right jeans for my son.,positive
Great fit,positive
The jeans were just like advertised and the fit was perfect. Needs some breaking in but they fit well,positive
love the color,positive
Bought these for my 14 yr old son. He is almost 5'8  about 120. I ordered him 30x34 and they fit great. They look very nice!,positive
Great blue jeans for a great price,positive
Good fit,positive
Flattering & comfortable!,positive
Comfortable jeans for my husband. It really makes his bum look nice.,positive
"Tight in the thighs, but great color!",positive
Nice fit and comfortable!,positive
I'm sure they would be fine but my So needed the stretch,neutral
"I purchased these for my picky teenage son, he approves. We ended up buying several more pairs a week after.",positive
Great fit,positive
My husband is 160 5'8 order 34x30 & they fit him great. We weren't expecting the stretch in the fabric but that's why he loves them so much. His new favorite pair of jeans. We've washed them twice in warm water & tumble dried medium & so far no fading. Going to buy a pair for our teen.,positive
It's perfect for work,positive
"Excellent fit, comfortable jeans.",positive
good price for the item,positive
My husband looks great in these jeans! They are modern and comfortable.,positive
Great!,positive
I bought these jeans for my husband. He loves them. They fit true to size and look great with a casual tee or with a button-down shirt.,positive
Got these for my son. They fit perfect! He loves them!,positive
"Comfortable, fit well. Really like the color",positive
"True to the size guide provided, best looking khakis I own",positive
"These pants are definitely pants, I put them on and it feels like I'm wearing pants",neutral
Fits good and I like them,positive
The pants perfectly fit my husband & quality of materials we're good.  We got them for a good price because of all the discounts & super cash rewards that we redeemed.  Thank you so much.  Looking forward for our next shopping.  More power.,positive
Excellent material and fit,positive
"Love the fit of the slim jeans, also has great voice of colors.",positive
Perfect fit my son is 6'4 150lbs,positive
Perfect fit and very comfortable,positive
Great price. Great fit. Look great. Super comfortable.,positive
"Grat fit ,look good",positive
Excellent fit with ease of movement,positive
All around great!,positive
"Too long, no way they were actually a 30 length",negative
Nice jeans.  Super comfortable.  Seems a bit larger then others in the same size though.,positive
Great git,positive
"Love the jeans , purchase them for my husband , ,love the way he looks in them super comfortable he says ‚ù§Ô∏è",positive
"Comfy, stylish",positive
The most form fitting pants in the game. So comfortable. Stretches to fit. Five stars!!!,positive
What we were looking for and the price was pretty good.,positive
Very nice,positive
Fits accurately,positive
Best fitting jeans I ever owned.,positive
"Fit small 
Buy one size bigger than your actual waist size",neutral
It's a bit loose and my size wasn't available for length,negative
Good fit but material is not as soft as the last couple years. Still my favorite fitting jeans.,mixed
Unfortunately they did not fit but the style is great.,positive
"These pants ""fit, as in, I could put them on.  The waist is perfect but the seat/crotch is cut comically too long, which means the top of the inseam hangs almost to my knees.  I seriously have to pull these up to my nips to get the inseam to sit where it should, otherwise these feel like wearing a diaper.  With the inseam hanging so low, the legs then end up being too long and baggy.  These are supposed to ""taper"", but like many pants in larger sizes, the factory must think that all fat dudes have calves and ankles as thick as their thighs because the ankles are massive and bunch up around your shoes in the most unflattering way.  Old Navy needs to redesign the cut on these ASAP.  I bought a blue pair of these same pants a few years back and they were the best cut jeans I've ever owned.  Not a single pair has fit the same since due to how terribly they're cut.  Needless to say, I'm not keeping these.",mixed
Fit great!,positive
Got these for my son. They fit perfect! He loves them!,positive
"Comfortable, fit well. Really like the color",positive
"True to the size guide provided, best looking khakis I own",positive
"These pants are definitely pants, I put them on and it feels like I'm wearing pants",neutral
Fits good and I like them,positive
The pants perfectly fit my husband & quality of materials we're good.  We got them for a good price because of all the discounts & super cash rewards that we redeemed.  Thank you so much.  Looking forward for our next shopping.  More power.,positive
Excellent material and fit,positive
"Love the fit of the slim jeans, also has great voice of colors.",positive
Perfect fit my son is 6'4 150lbs,positive
Perfect fit and very comfortable,positive
,neutral
Very soft and comfortable pants.  The color is lighter than expected but still a nice shade of gray.  Sizing seems to be accurate and washing them didn't shrink them or anything.  Material may be a little bit thin so not sure how long they will hold up.,mixed
"Snugger fit, long enough.",neutral
"Returned these - thought there was ""give"" in the waistband, but not enough...",negative
Bought for my teenage son. He absolutely loves them.,positive
Nice fit  Thin fabric,positive
"Comfortable & soft, great fit",positive
Love them super comfortable!,positive
Got this because it was on sale!!,positive
Great fit and great quality,positive
"nice fit, essential element for young mans wardrobe",positive
"Somehow the fit is different for different colors of these jeans. This color fits good, but the other 2 colors are a no from me dawg.",negative
He likes them,positive
Not a lot of give in these,neutral
Great fit,positive
Very comfortable. Great look!,positive
Great fit.,positive
Good fit for my son!,positive
Comfortable,positive
Good stuff,positive
Very comfortable and fit very well.  Great purchase!,positive
"So I never used to shop at old navy. Normally I'm a Zara or American eagle type for jeans but let me say these are just as good or even better. They aren't super tight like Zara jeans are, they don't shrink in the wash, the colour is perfect and the stretch‚Ä¶ the stretch is just amazing. I am exactly 6 feet and so 30 length is an exact fit and 32 is a tad lag but can be hemmed so that's not an issue.",positive
After trying on the blue jeabs I picked up these but returned for a size and they fit perfectly.,positive
It does not washes out. It is comfortable and fits well,positive
Great stretch and comfort!,positive
Comfortable,positive
Best pants in the game,positive
Great style of jeans. Loved so much I bought in multiple colors‚Ä¶ these ran too small even though they were the same size as others.,mixed
Fits true to size and are very comfortable,positive
"Looks grest, thank you.",positive
Jeans are super comfortable,positive
"Very disappointed, always wears a 32 waist and these were super big in a 32. Sizing must run large in the black.",negative
Didn't have my length but they are good jeans,positive
Great fit! Exactly as written,positive
Very comfortable and they fit perfectly.,positive
The fabric is a little tough and not as much flex as I typically like in my jeans. Overall great fit.,mixed
It's a perfect fit accurate sizing with your needs.,positive
"It's very comfy and a slim look when I wore.
I'm going buy a dark color too",positive
Nice jean for my son but the sizing was off so I had to return it. It was way too small.,mixed
"Very nice fit, gives with movements",positive
Great fit!,positive
Got these for my son. They fit perfect! He loves them!,positive
"Comfortable, fit well. Really like the color",positive
"True to the size guide provided, best looking khakis I own",positive
"These pants are definitely pants, I put them on and it feels like I'm wearing pants",neutral
Fits good and I like them,positive
The pants perfectly fit my husband & quality of materials we're good.  We got them for a good price because of all the discounts & super cash rewards that we redeemed.  Thank you so much.  Looking forward for our next shopping.  More power.,positive
Excellent material and fit,positive
"Love the fit of the slim jeans, also has great voice of colors.",positive
Perfect fit my son is 6'4 150lbs,positive
Perfect fit and very comfortable,positive
"Means are very nice,they have a lot of stretch so you can size down in waist size!! Need more length choices and colors would be nice",positive
"The nicest looking, most comfortable jeans for the money!",positive
Great fit,positive
Fits well. Comfortable and just the right length.,positive
Very comfortable pants and are well fitted yet comfortable. The color was exactly what I wanted and looked the same as the picture.,positive
"Perfect jeans,super comfortable",positive
Just what we were looking for,positive
Love these jeans. Perfect fit,positive
Fits perfectly. Like the stretchiness. Very please I want to order more of them in different colours.,positive
Fit my husband perfectly.  Great price,positive
Very comfortable! Great fit!,positive
"Excellant fit, great color choices and   fantastic price!!!!",positive
We bought 2 pairs of pants for my husband. Once we got them he put them straight on and loved how stretchy and comfortable they were. He did the squat test in case and the bender with him. He loves his pants . Highly recommend.,positive
The fit is slightly different from other athletic fit,neutral
Nice fit and the jeans are comfortable,positive
Finally an awesome fit in the legs and no crazy long drop crotch,positive
"This jeans are awesome; way better than I expected. They are comfortable, soft, very stretchy all around, and the fit is perfect for my athletic body and muscular legs.I love the color, too.",positive
Comfortable,positive
Very nice looking jeans and super comfortable!,positive
"Husband already has 2 pairs just had to get another one,he says it's soft and comfortable to wear to work.",positive
"I've always had a soft spot for Old Navy jeans. Comfy, durable, and priced just right. I only own another pair of the Relaxed Taper, but I can definitely say that the black ones I got (31x30) fit a bit looser compared to my medium blue pair of the same style. It's a persistent Old Navy issue but I'm fairly happy with them. Perfect for my lazy days or when I'd rather not get my fancy schmancy jeans too dirty.",mixed
Very well made. Great material. Recommend for men & boys.,positive
These jeans fit well and are very comfortable. Somewhat loose and not too tight.,mixed
love them only jeans that fit my husband,positive
good quality. got this for my son's BD. he will wear them heavily.,positive
My son really enjoys these jeans.,positive
Great wash and fit. Exactly what I was looking for. The slim fit isn't too tight.,positive
True to size and great quality,positive
"The pants fit perfectly however the only thing is that they're a bit short, but that's not a big deal for me. All in all, a great purchase!",positive
The jeans are very good and comfortable,positive
Great fit,positive
love the fit,positive
Great fit,positive
Excellent,positive
Comfort with limited stretch,positive
It's time they brought back jeans without spandex!!,neutral
Fit perfect,positive
Like the way the jeans fit and feel,neutral
Fits my son just right with his height!,positive
Nice,positive
Got these for my son. They fit perfect! He loves them!,positive
"Comfortable, fit well. Really like the color",positive
"True to the size guide provided, best looking khakis I own",positive
"These pants are definitely pants, I put them on and it feels like I'm wearing pants",neutral
Fits good and I like them,positive
The pants perfectly fit my husband & quality of materials we're good.  We got them for a good price because of all the discounts & super cash rewards that we redeemed.  Thank you so much.  Looking forward for our next shopping.  More power.,positive
Excellent material and fit,positive
"Love the fit of the slim jeans, also has great voice of colors.",positive
Perfect fit my son is 6'4 150lbs,positive
Perfect fit and very comfortable,positive
WOW...not...Did not like the fit. not a boot cut as we know it.,mixed
Fit is fine but denim is really thin. Definitely a summer only pair of jeans. #sweepstakes,mixed
Great purchase! Pleased! Fit perfect!,positive
Soft fabric. Great fit!,positive
Too big. Not my idea if what jeans feel like.,negative
Good quality for the pricr,positive
Great pants for the price! Fits perfect!,positive
Perfect for work or play,positive
My son loves these jeans. They are so comfortable and fit great. I also received them before the scheduled delivery date.,positive
Fit well,positive
Great color,positive
"Loose fit, longer than inseam.",negative
Best pants to dress up or dress down!,positive
Like the material and size. Good !,positive
You'll never believe what I paid for these jeans for my son...best find ever!!,mixed
Comfortable to wear and has the right amount of stretch.,positive
It was way to big that style didn't work for my son.,negative
Fits comfy,positive
On time delivery n they got the Oder right,positive
"Love these jeans, definitely loose in the hip and thigh area which is perfect for my bodytype.",positive
Good value,positive
Not sure what boots were used for this pattern but they are not true boot cut. Ran narrow in the leg which is exactly what I was not looking for with these jeans. Returned.,negative
Bought these for my husband for work. Going to buy more. They look really good on him!,positive
Great cut and color ‚Ä¶ perfect for our fall preteen,positive
Perfect  for what I needed,positive
Loved,positive
"My child will actually wear them, which is saying a lot!",positive
Too big. Not my idea if what jeans feel like.,negative
"The pants are exactly what was advertised online...  The pants feel like a strong but very light fabric that feels great to wear on a casual day at work, fun with friends and also the pants would be a great match with a nice old Navy button up to go on a first/any date...",positive
Legs are super wide. Look weird,negative
"They were a bit to tight waiting for the next pair to get here. I went to store for refund, they wouldn't refund the delivery charge",negative
Love the fit and color! #sweepstakes,positive
Great pants‚Ä¶very comfortable! Wear to work pretty much everyday.,positive
Always a perfect fit. Can get a long length with narrow waist.,positive
Love the color,positive
Great fit and color,positive
"I wear this size in other old navy pants, but this didn't fit at all.",negative
Liked the quality and fast shipping,positive
Good fit,positive
My sons favorite pants!,positive
Got these for my son. They fit perfect! He loves them!,positive
"Comfortable, fit well. Really like the color",positive
"True to the size guide provided, best looking khakis I own",positive
"These pants are definitely pants, I put them on and it feels like I'm wearing pants",neutral
Fits good and I like them,positive
The pants perfectly fit my husband & quality of materials we're good.  We got them for a good price because of all the discounts & super cash rewards that we redeemed.  Thank you so much.  Looking forward for our next shopping.  More power.,positive
Excellent material and fit,positive
"Love the fit of the slim jeans, also has great voice of colors.",positive
Perfect fit my son is 6'4 150lbs,positive
Perfect fit and very comfortable,positive
My son wears his jeans out so fast & these last through all of his daily activities with ease. He used to only like sweats but will continually wear these pants because they stay soft throughout the day.,positive
Love these jeans but this particular pair was not true to size. I have several others rhe sam size that fit well but it's as if this pair was marked wrong.,mixed
They fit nicely and look great.,positive
Easy simple fit. Nice texture.,positive
The fit was nice and they look great,positive
Looks great on me,positive
Great place to shop,positive
Nice fit. Good quality,positive
Feels and look amazing,positive
The jeans fit perfect on me,positive
Good quality,positive
Comfortable fit! Great colors.,positive
Great fit!  Attractive pants.  Wear like jeans...but appropriate for the office.,positive
Great fit and color. True to size. Great for work or just a casual pant. Love em'.,positive
The size fits perfectly and I like the color,positive
THE only pants my husbands wears.,neutral
These jeans are very comfortable and reasonably priced.,positive
Go to the store to try on - run much smaller.,neutral
"Thr quality of the pants are good,husband says it's quite comfortable to wear all day...very durable.",positive
Perfect fit and I like the quality,positive
They were skinner then we were hoping but my husband loved how much they flexed!,positive
love the stretch!,positive
The new waistline stretchability is GREAT!,positive
The waist was tighter than normal for this particular jeans,neutral
"My new favourite pair of jeans. I love the pockets, the colour is super nice, and i dont feel restricted in movement",positive
Nice looking n but it does run small and my husband bed down and it ripped,positive
Really great fit. Nice and snug in hip and thigh so I don't get that sloppy feel,positive
"Great quality, fits well with lots of stretch.  BTS denim for my son. He loves to be comfortable.",positive
Good fit,positive
Perfect,positive
"Best pants I own. 
Comfortable and clean.",positive
Fit great! Nice stretch and loose fit that tapers in at the right spots. Great for work and every day wear,positive
These Jeans are good.,positive
Great quality!,positive
"Bought the jeans for my son, he loves them. Good quality, very nice colour.",positive
Fits great. Nice stretch. Super comfortable.,positive
Great fit,positive
Great,positive
Great color.  Not all black jeans are the same.  Wonderful fit too.,positive
"There aren't enough stars to rate this pair of pants what they truly are. I've finally found a pair of jeans that fit my waist, thighs, and have a taper by the ankle.",negative
Good quality,positive
Comfortable fit! Great colors.,positive
Great fit!  Attractive pants.  Wear like jeans...but appropriate for the office.,positive
Great fit and color. True to size. Great for work or just a casual pant. Love em'.,positive
The size fits perfectly and I like the color,positive
THE only pants my husbands wears.,neutral
These jeans are very comfortable and reasonably priced.,positive
Go to the store to try on - run much smaller.,neutral
"Thr quality of the pants are good,husband says it's quite comfortable to wear all day...very durable.",positive
Perfect fit and I like the quality,positive
Jeans were stylish and great material but my son reported the waistband needed some flexibility.,positive
Looks great!,positive
Fit perfect!,positive
My son was super happy to find his size and loved the comfort,positive
Bought for son back to school.,positive
Great,positive
GREAT QUALITY,positive
A good sturdy and stylish pair of repaired- ripped jeans.,positive
Nice just what I wanted for my grandsons Christmas gift,positive
"Too skinny, doesn't stretch much. Like the color and style but just not for me. Will be returning.",mixed
Good quality,positive
Comfortable fit! Great colors.,positive
Great fit!  Attractive pants.  Wear like jeans...but appropriate for the office.,positive
Great fit and color. True to size. Great for work or just a casual pant. Love em'.,positive
The size fits perfectly and I like the color,positive
THE only pants my husbands wears.,neutral
These jeans are very comfortable and reasonably priced.,positive
Go to the store to try on - run much smaller.,neutral
"Thr quality of the pants are good,husband says it's quite comfortable to wear all day...very durable.",positive
Perfect fit and I like the quality,positive
The Slim 360 fit my son perfectly.,positive
Super stretchy and comfortable,positive
Great pants super strechable,positive
So comfy,positive
All around great!,positive
Great pair of jeans! Thank you Old Navy,positive
we got these in the dark blue out of the four pairs we bought. I think these might be my son's favorite.,positive
Found the fit to be exactly right but I don't like the light wash as much as the dark wash.. more a matter of personal preference...,neutral
"Fits great, super comfortable stretch. Great style/colors. I've bought 3 pairs already.",positive
Great quality,positive
They are super comfortable and stretch when you need it the most,positive
"Really comfortable, love the pockets. Nice colour too",positive
"bought for my dad  be loves them as much as i do,  fits longer than expected (NOT the jeans fault)",positive
Fits perfectly material great definitely would recommend,positive
Fantastic material‚Ä¶They feel very high end,positive
I'm a old customer and best jeans for me,positive
Fits perfectly,positive
Great fit,positive
Great pants for the hubs.,positive
"Good . Husband likes them , likes the color and fit .",positive
Great jeans only ones my some will wear!,positive
Great fit,positive
They fit well and look great.,positive
They are a really good fit and great jean for the price but we needed a 29 in length for my son he is 13. They do however have the option online to get the 29 in length just not in store,positive
Loved them,positive
Great jeans for everyday wear. True to size,positive
"They were a bit to tight waiting for the next pair to get here. I went to store for refund, they wouldn't refund the delivery charge",negative
Love the fit and color! #sweepstakes,positive
Great pants‚Ä¶very comfortable! Wear to work pretty much everyday.,positive
Always a perfect fit. Can get a long length with narrow waist.,positive
Love the color,positive
Great fit and color,positive
"I wear this size in other old navy pants, but this didn't fit at all.",negative
Liked the quality and fast shipping,positive
Good fit,positive
My sons favorite pants!,positive
Love the dark denim and fit of these Jeans. Cost was also great.,positive
I liked color and febric,positive
Great fit! Love the stretch in the fabric which makes them even more comfortable.,positive
"Nice fit and color. However, not giving 5 stars because they wear out quickly if worn often. This is my second pair because the last got holes in them.",mixed
Great wash and fit. Exactly what I was looking for. The slim fit isn't too tight.,positive
Bought them for my husband and they fit great! He loves them!,positive
"Fits perfectly, love the dark wash!",positive
Add a little cuff to the bottom and you've got yourself a great looking pair of jeans,positive
Hip and trendy jeans few jeans that fit properly and feel good really great quality jeans!!!,positive
The jeans are very good and comfortable,positive
Good quality,positive
Comfortable fit! Great colors.,positive
Great fit!  Attractive pants.  Wear like jeans...but appropriate for the office.,positive
Great fit and color. True to size. Great for work or just a casual pant. Love em'.,positive
The size fits perfectly and I like the color,positive
THE only pants my husbands wears.,neutral
These jeans are very comfortable and reasonably priced.,positive
Go to the store to try on - run much smaller.,neutral
"Thr quality of the pants are good,husband says it's quite comfortable to wear all day...very durable.",positive
Perfect fit and I like the quality,positive
My son loved them. Perfect fit,positive
"Great fit, true to size.",positive
Fit good. True to size,positive
These were an impromptu purchase by my husband that he really ended up liking.  He describes them as flexible and accommodating for someone who open carries.,positive
Great fit and very flexible!,positive
Great fit and looks great!,positive
"Look great, just like photo!",positive
Fits my husband perfectly! Roomy not that  slim.,positive
It fits perfectly,positive
The fit was perfect for my son with him being tall and skinny.,positive
WOW...not...Did not like the fit. not a boot cut as we know it.,mixed
Fit is fine but denim is really thin. Definitely a summer only pair of jeans. #sweepstakes,mixed
Great purchase! Pleased! Fit perfect!,positive
Soft fabric. Great fit!,positive
Too big. Not my idea if what jeans feel like.,negative
Good quality for the pricr,positive
Great pants for the price! Fits perfect!,positive
Perfect for work or play,positive
My son loves these jeans. They are so comfortable and fit great. I also received them before the scheduled delivery date.,positive
Fit well,positive
True to fit and comfey. The stretch material helps maintain the comfort especially in the sitting position for long periods of time behind the desk. Love these jeans!,positive
I liked them so much I bought 5 pairs for work!,positive
"Easy on and off, great fit, comfortable. And the price is right.",positive
Nice look and quality but they were too small ( my son just grew and we weren't sure what his actual size was),negative
Fits well,positive
Happy to have boot cut option in a black jean,positive
Legs are super wide. Look weird,negative
"Size was very off from normal sizing, and there was no flex in the material",negative
Fit great and was very comfortable. Great dark color,positive
It very stylish and comfortable,positive
Great cut and fabric,positive
The fit great and offer a modern look.,positive
Super comfortable,positive
360 stretch wins again! I won't ever switch to anything other than this!,mixed
Fianc√© wears only old navy pants and loves these. Have bought him multiple pairs since being together,positive
360 stretch feel comfortable. Material is stretch.skinny look for the price. I have no complaint.,positive
finding right size and colors,positive
"Feel nice and perfect fit, good pair of jeans",positive
"They fit perfect! I'll be honest, I've ordered at least 3 pairs and they've never disappointed.",positive
Good fit,positive
"My husband loves these, has a few colors. Great for a slim fit.",positive
Appreciate an love the jeans will definitely buy more thank you.,positive
üëçüëå!!!,positive
Item as described. Solid fit,positive
fit big,neutral
40/30 didn't fit I put up my 40/30 levis an seen they were actually two sizes smaller than actual 40/30 yous purposely don't make big people clothes an wanna cut the cap on the waist lines you deem fashionable. Sad.,negative
Prefect fit will buy more,positive
Great quality for the price,positive
Black is slimming. Loose is comfortable.,positive
"Good fit, good quality cotton.",positive
Super stretchy and comfortable,positive
Great fit.,positive
They are blue,neutral
Very comfortable nice fit good quality,positive
Price was great! Good fit.,positive
So comfy and great material,positive
The jeans are comfortable and look good.,positive
Go to work and casual jeans,neutral
Fits just right,positive
These are the only jeans my son's wants. He loves that they have a bit of stretch while still looking slim.,positive
Third pair this year that ripped along the back pocket seam.  The fit and comfort were great but not worth it if I need to worry the back of my jeans will rip every time I pick something up.,negative
"Great color, great fit!",positive
"Couldn't be more pleased. I'm kinda between sizes, so ordered up, but with stretchy fit it worked perfect. I bought all colors!",mixed
Decent fit...true to size,positive
"Really like these jeans, good cut, good fabric, great color. They're my new favorites",positive
These pants have the perfect stretch for a great fit,positive
Great durable fabric with flexible soft feel and good pricing.,positive
Great,positive
"Stylish, but for some reason, walking around in these pants made my upper, inner thighs chafe. need a different fit so the fabric rubs against itself, not my skin. I like the indigo color because it can be worn for casual or work.",positive
Very nice jeans,positive
My son wears his jeans out so fast & these last through all of his daily activities with ease. He used to only like sweats but will continually wear these pants because they stay soft throughout the day.,positive
Love these jeans but this particular pair was not true to size. I have several others rhe sam size that fit well but it's as if this pair was marked wrong.,mixed
They fit nicely and look great.,positive
Easy simple fit. Nice texture.,positive
The fit was nice and they look great,positive
Looks great on me,positive
Great place to shop,positive
Nice fit. Good quality,positive
Feels and look amazing,positive
The jeans fit perfect on me,positive
Jeans can be dressed up or as casual,neutral
Jeans look amazing on,positive
üòä,positive
"They fit good

However they don't flex like they are supposed to",positive
"Great for, I'm 5'7 and these jeans fit really well.",positive
Perfect fit my son is 6'4 150lbs,positive
The jeans are comfortable and look good.,positive
Very stylish,positive
Perfect fit,positive
Great fitting jeans for my son. Had to order online since the store does not carry the size I needed,mixed
They were skinner then we were hoping but my husband loved how much they flexed!,positive
love the stretch!,positive
The new waistline stretchability is GREAT!,positive
The waist was tighter than normal for this particular jeans,neutral
"My new favourite pair of jeans. I love the pockets, the colour is super nice, and i dont feel restricted in movement",positive
Nice looking n but it does run small and my husband bed down and it ripped,positive
Really great fit. Nice and snug in hip and thigh so I don't get that sloppy feel,positive
"Great quality, fits well with lots of stretch.  BTS denim for my son. He loves to be comfortable.",positive
Good fit,positive
Perfect,positive
Great fit,positive
love the fit,positive
Great fit,positive
Excellent,positive
Comfort with limited stretch,positive
It's time they brought back jeans without spandex!!,neutral
Fit perfect,positive
Like the way the jeans fit and feel,neutral
Fits my son just right with his height!,positive
Nice,positive
The colour looks cool,positive
Comfy fit! I didn't realize there was a dumb stitching pattern on these so I wouldn't buy again. But they do the job as pants,mixed
My husband absolutely love these jeans. They fit perfectly and aren't too tight!,positive
Very comfortable,positive
"Haha, I thought it was for women.  It's huge on me.  But it's comfy.",positive
My son loves these jeans. His first day of high school was quite stylish!,positive
My bf liked it so much.. he tried different brands. But he found the perfect fit in old navy only,positive
Perfect fit for my picky teenager!!,positive
Fits great color does not fade,positive
nice jeans,positive
"The fit is just very weird. I have athletic fit jeans from many other brands and I was excited to try these for the price, but you get what you pay for.  Wouldn't recommend.",mixed
Wore these right out the bag. Very happy with the purchase.,positive
My husband said they are great for work and going to have a drink with the guys.,positive
"Great fit, style and comfort.",positive
Fits as advertised,positive
True to size my boyfriend love it !!!,positive
Fit great!,positive
"Fits good , great color, but pockets are a bit small.",positive
Accurate sizing. Good quality at a great price.,positive
"Fit great, delivered on time, good quality üëçüèª",positive
Very comfortable and true to size. Just right with a nice polo shirt for a casual evening.,positive
Great fit super edgy look,positive
"Great fit, Amazing product",positive
The whole experience was great!,positive
"Good Quality ,Great fit!",positive
Nice jeans and for the price it was great.,positive
Love the fit and look of these jeans so much I bought a second pair,positive
Perfect fit and great prices!,positive
Five stars to the fullest it doesn't shrink in the washer like some pants does,positive
All my husband pants are from old navy..when my husband said pants. I said Old Navy  here I comes  shopping my way in,neutral
Nice color and fit!,positive
Fit great! Nice stretch and loose fit that tapers in at the right spots. Great for work and every day wear,positive
Good sizing and color,positive
So wonderful to find pants to fit my tall skinny guy! 30x36 is a perfect fit!,positive
My son wears them everyday and they last,neutral
My son wears them everyday!,positive
"Nice looking, good quality and great fitting jeans.",positive
My husband likes these pants because they're comfortable and baggy.,positive
Great fit,positive
Beautiful,positive
My son's favourite jeans,positive
Fast and easy! Very good service. After sale specials are awesome.,positive
They fit perfect. The associate Sean was very helpful in picking out the right jeans for my son.,positive
Nice jeans just didn't look great on my husband,negative
Good looking,positive
"Good quality , great fit, fading is yellowish is the only downfall , not really a attractive wash!",positive
"Bought these for my 14 yr old son. He is almost 5'8, about 120 pounds. I ordered size 30x34 and they fit great.",positive
"Great fit, and the most comfortable pair of jeans I've owned.",positive
"Very comfortable, with a lot stretch. Only issue was that they got a tad stretched out after second wearing. Fit true to size.",mixed
"Very comfortable,  great fit@",positive
"Very Comfortable,  great fit!",positive
Great color and wash just returned because of the wrong size,positive
"Great product, feels very comfortable and stylish.",positive
Nice fit. Comfortable movement,positive
Great quality and great fit,positive
Great jeans that fit well and accurate to the description. The only reason I didn't give this five star was because the jeans aren't as soft as I expected or would've liked. But other than that - they're great.,mixed
Fit exactly right.,positive
Great looking jeans! Length was perfect but waist was smaller than my normal. Will re order up.,positive
Quality jeans; arrived quick,positive
Husband loved these jeans I never thought he'd change from his old heavy jeans.,positive
Love these. Light wash isn't too light. Super comfortable.,mixed
good sale on everyday basic,positive
Love it,positive
Nice jeans just didn't look great on my husband,negative
Good looking,positive
"Good quality , great fit, fading is yellowish is the only downfall , not really a attractive wash!",positive
"Bought these for my 14 yr old son. He is almost 5'8, about 120 pounds. I ordered size 30x34 and they fit great.",positive
"Great fit, and the most comfortable pair of jeans I've owned.",positive
"Very comfortable, with a lot stretch. Only issue was that they got a tad stretched out after second wearing. Fit true to size.",mixed
"Very comfortable,  great fit@",positive
"Very Comfortable,  great fit!",positive
Great color and wash just returned because of the wrong size,positive
"Great product, feels very comfortable and stylish.",positive
Fit well‚Ä¶ true to size‚Ä¶ looks great,positive
Great fit for my son.,positive
Very comfortable,positive
Comfortable fit. Good lookin style,positive
Fits as advertised.,positive
According to my son‚Ä¶.they are just jeans.,neutral
Tapered too much! Hard to pass your feet through,negative
They fit great,positive
I like how they fit. Very comfortable.,positive
Love it,positive
Great fit. Very comfortable,positive
Perfect fit,positive
My husband's work jeans! He loves it,positive
Great fit,positive
"Not very flexible, not satisfied with the look for a slim fit",negative
Fitted jeans that don't feel you are restricted to move.,neutral
Looks good. Good quality.,positive
Shipping is always on time,positive
great style and fit,positive
"This is the second time I've bought these jeans.  Great quality.  Look good.
Delivery was fast and accurate.",positive
They are comfortable and you have a lot of space where it's needed and they stretch,positive
Perfect fit,positive
Jeans fit great and are soft and stretchy,positive
I like how they look and how stretchy they are and also they not bag at all you can't  go wrong with these Jeans,positive
Fits well and looks great!,positive
Perfect for slim fit men,positive
These are my new favorite jeans. They fit perfectly and are the exact color I was looking for. Highly recommend.,positive
My Grandson LOVED his jeans!!!,positive
Styling is good,positive
Loved my purchase im a big guy and these jeans fit just right im happy,positive
"These look great on my partner, washed well as well.",positive
Comfy not over tight,positive
True to size great color my husband loves these. He like the color the fit and how comfortable they are. Will buy again,positive
Nice and light! A very good option for work,positive
"Good fit, a bit long in the rise but overall a win.",positive
Jeans fit nice they show off my husband's butt just nice,positive
He finds them comfortable and the colouring is great.,positive
"Classi style, classic fit - the perfect jean for everyday wear.",positive
Great pair and style for a great price. Couldn't ask for better. #sweepstakes,positive
Great jeans for our high school senior. Fit was fabulous. Color is so nice.,positive
"The fit is just very weird. I have athletic fit jeans from many other brands and I was excited to try these for the price, but you get what you pay for.  Wouldn't recommend.",mixed
Wore these right out the bag. Very happy with the purchase.,positive
My husband said they are great for work and going to have a drink with the guys.,positive
"Great fit, style and comfort.",positive
Fits as advertised,positive
True to size my boyfriend love it !!!,positive
Fit great!,positive
"Fits good , great color, but pockets are a bit small.",positive
Accurate sizing. Good quality at a great price.,positive
"Fit great, delivered on time, good quality üëçüèª",positive
Nice quality and fit. Like the flex fabric,positive
"The leg length ran a little long, but good sturdy pants.",positive
Good for price,positive
"Flexible and comfortable, fits as expected",positive
True to size and comfortable,positive
Very comfortable and roomy. True to size,positive
Comfy and fit true to size.,positive
Great value,positive
The feel so soft and not so restricted. Easy to move around in.,positive
"these are great pants! they are more form fitting than other work wear, so they are not Baggy.",positive
Nice fit. Comfortable movement,positive
Great quality and great fit,positive
Great jeans that fit well and accurate to the description. The only reason I didn't give this five star was because the jeans aren't as soft as I expected or would've liked. But other than that - they're great.,mixed
Fit exactly right.,positive
Great looking jeans! Length was perfect but waist was smaller than my normal. Will re order up.,positive
Quality jeans; arrived quick,positive
Husband loved these jeans I never thought he'd change from his old heavy jeans.,positive
Love these. Light wash isn't too light. Super comfortable.,mixed
good sale on everyday basic,positive
Love it,positive
Good fit and nice looking jeans,positive
The material of the pant is so comfortable it's soft not rough.,positive
Great fit and material,positive
"They say full stretch they mean full stretch! Very stretchy, full stretch all around, very comfortable",positive
I've have been looking for the perfect pair of jeans for YEARS.  I have traditionally been a customer of mainly Banana Republic and Gap and never paid much attention to Old Navy.  I have to say that these jeans are perfect.  They are stretchy but they don't have that weird look to them that some stretchy jeans have.  These are way better than anything that Gap and BR have to offer.  Very impressed.,positive
"They look great and fit well. a little concerned about shrinkage.
Washed in cold water definitely shorter.",mixed
"Bought these for my grandson, he really likes them. It's difficult to find jeans his size. The half price cost was great. Thanks!",mixed
Nice with stretch,positive
Most comfy jeans ever. I had to buy multiple pairs. Just buy some. You'll dig them.,positive
"I like the Light blue Denim jean, the material stretchy and not hard. It feel great and looks good, the bottom of the jeans is a little wide but still good.",positive
The jeans are a perfect fit and great quality for the price.  Checkout was super easy!,positive
great fit durable jeans,positive
"Quality jeans, shipped fast!",positive
Like these jeans they really go with the black denim shirt that Old Navy sells.,neutral
Comfy,positive
looks good,positive
"Amazing fit and great style! Will purchase more jeans from Old navy soon
My go-to brand for jeans from now on :)",positive
Nice fit. Comfortable movement,positive
Great quality and great fit,positive
Great jeans that fit well and accurate to the description. The only reason I didn't give this five star was because the jeans aren't as soft as I expected or would've liked. But other than that - they're great.,mixed
Fit exactly right.,positive
Great looking jeans! Length was perfect but waist was smaller than my normal. Will re order up.,positive
Quality jeans; arrived quick,positive
Husband loved these jeans I never thought he'd change from his old heavy jeans.,positive
Love these. Light wash isn't too light. Super comfortable.,mixed
good sale on everyday basic,positive
Love it,positive
Has great quality. Better than I expected! True to size.,positive
Good quality denim and comfortable fit,positive
Love the fit and style,positive
Perfect work pants,positive
Loose and fashionable. Heavy. Good quality,mixed
Love the pants so much I bought two more pairs! The 3rd pair in black. Very happy!!,positive
I like so much this style becouse it's very confortable for my.,positive
Great work pants. Good quality and robust stitching. Feel like my Carhartt or dickies pants after being broken in for a few years.,positive
Stress free and quick delivery!,positive
Very comfort. Good looking.,positive
Jeans can be dressed up or as casual,neutral
Jeans look amazing on,positive
üòä,positive
"They fit good

However they don't flex like they are supposed to",positive
"Great for, I'm 5'7 and these jeans fit really well.",positive
Perfect fit my son is 6'4 150lbs,positive
The jeans are comfortable and look good.,positive
Very stylish,positive
Perfect fit,positive
Great fitting jeans for my son. Had to order online since the store does not carry the size I needed,mixed
Bought for my husband.  Very comfy with lots of stretch.,positive
As a fan of the Lived-In shorts from Old Navy I have been looking for their long pants equivalent. While these are not from the same materials they do provide a comfortable and casual fit. I like them a lot. Just enough stretch and yet not clingy and warm in the hot weather here in Southern California.,positive
"Showed up on time, fit great, look excellent üëçüèª",positive
The zipper won't stay up and the zipper pull fell off on day 1.,negative
Size small,negative
"16 year old teen said that they were okay.  I just want clothes that he won't show his underwear, so the struggle is real.",neutral
"Comfy & stylish! True to size, run maybe slightly small compared to other brands in the same size",positive
A little snug but very comfortable! Buy a size up,positive
These jeans were just what I was looking for and I found them at Old Navy!  I weigh 175lbs and 5ft 9in.  They fit and feel great. Now I know where to shop!!!,positive
Goid,neutral
Nice quality and fit. Like the flex fabric,positive
"The leg length ran a little long, but good sturdy pants.",positive
Good for price,positive
"Flexible and comfortable, fits as expected",positive
True to size and comfortable,positive
Very comfortable and roomy. True to size,positive
Comfy and fit true to size.,positive
Great value,positive
The feel so soft and not so restricted. Easy to move around in.,positive
"these are great pants! they are more form fitting than other work wear, so they are not Baggy.",positive
,neutral
"My husband loved these jeans when he tried them on.  They stretched in just the right way, and I loved the feel of the material.",positive
Super comfy and they look great!,positive
These are amazing and fit perfectly,positive
"Nice jeans,color and got is good but you can size down in waist,but overall nice",positive
Great fit. Love that these jeans are loose fitting but not to baggy. Love that old navy has sizing for tall and skinny. Ordered the 30 x 34. Perfect color. Not too dark or too light.,positive
Comfortable  Fit Comfortable Price,positive
Coooool,positive
I love the shade of denim and the fit is great-love the stretch ! Very comfortable,positive
Perfect for my family,positive
Great fit and comfy too,positive
Great fit,positive
"The Slim 360¬∞ Stretch Performance Gray Jeans for Men have truly exceeded my expectations, providing both style and comfort in one exceptional package. These jeans have become a staple in my wardrobe, and I am thoroughly satisfied with their performance.

Pros:
Flattering slim fit: The slim fit of these jeans offers a modern and stylish look, perfectly complementing various outfits and occasions. The well-tailored design enhances my body type, giving me a sharp and put-together appearance.
360¬∞ stretch performance: The stretch fabric used in these jeans is a game-changer for comfort. It allows unrestricted movement and flexibility, making them ideal for active lifestyles and daily wear. Whether I'm walking, sitting, or engaging in any physical activity, the jeans never feel restrictive even though they are ""skinny"".
Timeless gray color: The gray color of these jeans adds versatility to my wardrobe, making them easy to pair with a wide range of shirts and shoes. From casual outings to semi-formal events, these jeans seamlessly adapt to any dress code.
Durable construction: The high-quality materials and expert craftsmanship ensure that these jeans are built to last. They have proven to withstand regular wear and washing, maintaining their shape and color over time.
Comfortable everyday wear: These jeans have become my go-to choice for everyday wear, as they strike the perfect balance between style and comfort. They provide a relaxed feel without sacrificing a polished appearance.

Overall, the Slim 360¬∞ Stretch Performance Gray Jeans have become an indispensable part of my wardrobe. Their flattering slim fit, stretch performance, timeless gray color, durability, and comfort make them a top-notch choice for daily wear. I am highly satisfied with these jeans and would highly recommend them to anyone seeking a versatile and comfortable pair of jeans for various occasions.",positive
"These pants are so comfortable, have a number of black pairs and needed to try grey!",positive
"Great fit, reasonable price, quick return time from purchase to receipt.",positive
"more snug than other 360's in the same size that I own, but keeping them",neutral
Fits perfectly. Very stylish.,positive
These jeans are amazing. One of the best finds I've made at Old Navy in months. Love the fit and stretch of these jeans. I have them in the grey and white.,positive
Fits great,positive
Great quality and fit,positive
Great fit... Very comfortable...,positive
Fits great and looks nice.,positive
My son's favorite jeans..they r comfortable and durable...,positive
The jeans were made well and had nice denim.  The sizing was accurate and they were shipped quickly.,positive
"Fit well, have a good stretch to them. Nice wash color",positive
color looks great,positive
They fit great and feel comfortable all day!,positive
My husband is using them for work. He finds them comfortable. Good fit on the waist,positive
"One of the best jeans I've worn. Really comfortable, stretchy so you can bend, crouch or squat without any issues. Definitely my go to pair of jeans when I go ayce!",positive
Great fit and good little stretch.,positive
My husband's new favourite jeans for work and play! Comfortable with just the right amount of stretch!,positive
Fits great and looks nice.,positive
My son's favorite jeans..they r comfortable and durable...,positive
The jeans were made well and had nice denim.  The sizing was accurate and they were shipped quickly.,positive
"Fit well, have a good stretch to them. Nice wash color",positive
color looks great,positive
They fit great and feel comfortable all day!,positive
My husband is using them for work. He finds them comfortable. Good fit on the waist,positive
"One of the best jeans I've worn. Really comfortable, stretchy so you can bend, crouch or squat without any issues. Definitely my go to pair of jeans when I go ayce!",positive
Great fit and good little stretch.,positive
My husband's new favourite jeans for work and play! Comfortable with just the right amount of stretch!,positive
Son loves these!,positive
Ffits good better than expected.,positive
True to fit,positive
I like how the taper cut is on these pants.,positive
This jean fits and looks great‚Ä¶not over the top with the distressed element.,mixed
A++++++,positive
These jeans came in as expected and fit amazingly! Major thanks to the company for having different size combinations!,positive
"Husband loves these, he says they're his most comfortable pair of jeans now. Good basic pair.",positive
It was more baggy look than an athletic taper.,neutral
Great fit and looked awesome,positive
"Nice, especially the special price!",positive
These jeans were an amazing deal on clearance and my husband liked how they fit.,positive
Great,positive
The best cut!,positive
The stretch is perfect! They look great. Boyfriend said they feel great on,positive
Great product super price,positive
I need to exchange for the next smaller size,neutral
"I didn't pay full price. Or even nearly full price
 I paid a whopping 3.97. Never owned 100% cotton jeans. These have 0 stretch which in this case is a good thing but tough to get used to when your usual jeans are american eagle or uniqlo. Seems like good quality and for less money than a 10 peice nugget, i cannot complain.",mixed
"Great quality,I like it so  I recommend it.",positive
Comfortable and fita true to size for my husband,positive
Very comfortable! Great fit!,positive
"Excellant fit, great color choices and   fantastic price!!!!",positive
We bought 2 pairs of pants for my husband. Once we got them he put them straight on and loved how stretchy and comfortable they were. He did the squat test in case and the bender with him. He loves his pants . Highly recommend.,positive
The fit is slightly different from other athletic fit,neutral
Nice fit and the jeans are comfortable,positive
Finally an awesome fit in the legs and no crazy long drop crotch,positive
"This jeans are awesome; way better than I expected. They are comfortable, soft, very stretchy all around, and the fit is perfect for my athletic body and muscular legs.I love the color, too.",positive
Comfortable,positive
Very nice looking jeans and super comfortable!,positive
"Husband already has 2 pairs just had to get another one,he says it's soft and comfortable to wear to work.",positive
Love this fit because it seems like pants are getting tighter nowadays and I'm a lil too old for that. Need something that fits but is not baggy,positive
"Such a great fit! With a build of 5'7 and around 155-160lbs I always have to be very particular about the types of jeans I buy due to having thick thighs, but these are amazingly comfortable to slide into. The rips and open hole on the knee makes everything else mesh together perfectly.",positive
"Good fit in waist, would have been nice to have option to choose length when ordering, but luckily it's only a little long and not short.",positive
I like the jeans but they run a little large.I would have ordered them in 30L instead of 32L,neutral
"I love how these jeans fit.  Very loose at the top, and fitted at the bottom.",mixed
Great product,positive
great fit and looks good on,positive
Perfect fit,positive
Nice,positive
Great fit and look,positive
Stretchy,neutral
Great fit and great price,positive
Way way too baggy...,negative
Good,positive
Much like üëç,positive
Classic and comfi' Can't go wrong,positive
Fit true and look great.,positive
Fitting is too good must try.,positive
Perfect fit for me,positive
Confortable jeans,positive
look so nice on my husband,positive
Nice fit. My husband has full legs and the jeans did not constrict his thighs,positive
Great fit! True to size!,positive
The fit is amazingly comfortable.,positive
Perfect fit comfort and style,positive
"Great fit, great quality. 100% recommend!",positive
Like the color and the fit,neutral
Excellent item for the price,positive
Love the style,positive
My husband is very old school about his jeans. He doesn't want any stretch in his jeans. He said these jeans are just what he wants.,neutral
Fit is good,positive
Great fit! Very comfortable,positive
"Old Navy jeans are the only ones I wear.  Best fitting, most comfortable jeans for me!",positive
I love my jeans,positive
The fit was perfect love the color and length. The style looks clean.,positive
Great fit,positive
The jeans are ok I thought it would be more of a slim fit but they are a little baggy to my liking and the length is a little long.  You might have to order a size down because they stretch.,positive
Size fits comfortable,positive
Fit my super tall and skinny son. He wears 28/34. So happy ON gad his size. Good quality and fit. Good price with discount code.,positive
My teenage son is tall and thin and it is very difficult to find pants that fit him well. These fit him perfectly and are of great quality.,mixed
,neutral
Perfect fit for my growing don,positive
Love,positive
"These jeans are super comfortable and the color is on point!  The durability is great, too; especially for the price.",positive
Perfect loose fit.,positive
Nice,positive
THE JEANS ARE EXACTLY WHAT I WANTED IN FIT & COLOR.  I HIGHLY RECOMMEND THEM.,positive
Love it,positive
"Poorly made
Legs are too slim
Thin material",negative
Great jeans,positive
Love em,positive
Purchased for my son and he loves them. He is slim and they fit perfect,positive
Comfortable and definitely upgraded my wardrobe.,positive
Very comfarable,positive
Jeans fit great excellent quality the right even quicker than anticipated to my house delivered.,positive
Fits great,positive
Awesome pair of jean.  Love the style and fit to size,positive
My son LOVES the features of these particular jeans. They have pre cut holes that are lined well with durable fabric creating a laid back appeal. He particularly is fond of the fit and comfort of them as well.,positive
"This style has been a game changer with the checkered cut on the knee, multiple ways to combine this. Similar to the other styles when washing recommend to air dry to preserve the fabric",neutral
Fit perfectly soft material,positive
they very nice!,positive
"Did the job, good fit for my guy at a great cost.",positive
The color and fit were great.,positive
"These are tailored really good.
You can either style it up or down....
Either a t-shirt or button-up shirt....
Soft ...comfortable and relaxing....",positive
"They are nice jeans, however, they are a bit tight around the thigh area.",positive
Faded with first wash.,neutral
Fits snug in the crotch area but looks great on the legs !,positive
Perfect fit,positive
I like how it fit and the quality material,positive
Looks good with casual or blazer and amble.,positive
Jeans fit just right,positive
Small waist size and longer leg.  Hard to get at other places. Excellent!,mixed
Perfect fit and I like the quality,positive
Very comfortable jeans,positive
Perfect fit for my son!,positive
They fit so well and are very comfortable.,positive
"Great color, great fit. All in all a great buy",positive
I purchased these for my son. He likes how they fit. He uses the back pockets a lot and through the year they will develop a hole at the top seam where it attaches to the pants.,positive
I sons are 14 and 13 and they wear 40/30 with size 11.5 shoes the love the comfort and fit of these ppl ants,positive
Very Comfortable I like the color  I had to buy a nother,positive
Great pants. Look nice and comfortable,positive
Great fit,positive
LOVE THESE JEANS.FIT PERFECT !,positive
The Built In flex really makes all the difference. I love these jeans.,positive
Great Quality üíØ,positive
Best comfortable jeans to wear for work.,positive
Bell bottom boot cut,neutral
Thankful for the tall sizes! 30x36 is a perfect fit!,positive
"Great product, Great price, and delivered fast. thank you",positive
"I bought these for my 14 yr old son. He is almost 5'8, about 120 pounds. I got him a 30x34 and they fit great.",positive
"Thought I wish we could go back to the days where you could get a true fit (34X31 or 35X31) the pants made me feel great about my weight loss. It has been years since I fit into a size 34, and these fit great! I will be wearing these for a very long time!",positive
Good looking pair of jeans. Comfortable and affordable. My favorite cut. Have another pair ordered!,positive
Comfortable pants for my husband. Makes the booty look nice.,positive
Smooth Transaction and prompt Shipping. Thank you again Old Navy. Love your Jeans!!,positive
First pair of men's jeans I've had to by for my son. He really liked them. Especially the dark wash. Not tight in the thighs. And washed nicely.,positive
True to fit and comfey. The stretch material helps maintain the comfort especially in the sitting position for long periods of time behind the desk. Love these jeans!,positive
Nice fit - if you have thicker things it might fit just a tad tight - button are like bell bottoms but very soft and I love them,positive
Super comfy and.fit great. Would definitely buy again.,positive
Great product,positive
Great quality and great fit,positive
My husband use this pants to work on a daily basis because they're soft.,neutral
"I don't recommend if you have fairly athletic legs. It didn't fit me, despite ordering in the perfect waist size.",negative
"My BF has had several pairs of cargo pants for a while but was looking to get away from the cargo-style, and it has been difficult to find pants in his size that do not have the large cargo pockets on the side, especially in different colors, but these fit his tall/lanky stature perfectly and it was a great deal for a set of 2!",positive
Fits to size. Nice price.,positive
They were true to size and a great add the wardrobe.,positive
These are great for work or a nice casual dinner out paired with a polo.,positive
Fit good on  my 13 year old son. Measurments are true.,positive
Great fitment,positive
They were nice items but I believe they were overpriced.,negative
My sone really like the style,positive
Fit great.,positive
Fit great,positive
They look great!,positive
I LIKE THE FIT AND THE LENGTH SITS PERFECT üòç,positive
Fit nicely,positive
Good fit and nice style.,positive
Fast shipping! Great product!,positive
"They're pretty good on sale. I think they'd be the perfect fit if I got a shorter length, wasn't able to get it due to the clearance sale since they low on stock.",positive
Way too baggy. Wouldn't recommend,negative
"Perfect fit, and didn't bleed out in the first wash!",positive
nice,positive
Comfortable and durable,positive
"Very good, true to size. I wish it had more elasticity. I am a bodybuilder 208 5'9"" and I struggle to find wide enough jeans on the thighs area. This one is good",mixed
Nice fit,positive
"lenght is fine, but thigh part is too wide",negative
Very comfortbale,positive
"My husband loves these, has a few colors. Great for a slim fit.",positive
Appreciate an love the jeans will definitely buy more thank you.,positive
üëçüëå!!!,positive
Item as described. Solid fit,positive
fit big,neutral
40/30 didn't fit I put up my 40/30 levis an seen they were actually two sizes smaller than actual 40/30 yous purposely don't make big people clothes an wanna cut the cap on the waist lines you deem fashionable. Sad.,negative
Prefect fit will buy more,positive
Great quality for the price,positive
Black is slimming. Loose is comfortable.,positive
"Good fit, good quality cotton.",positive
Perfect size and length,positive
Looks great and fits well.,positive
As a big guy there stretch in these jeans is perfect,positive
They feel comfortable and relaxing,positive
I enjoy shopping at old navy. There clothes fit perfect.,positive
They fit well and looks good on my husband.,positive
Bought for a gift to someone else.,positive
"These men's jeans are fantastic! They offer a comfortable fit and are made with high-quality denim that feels durable. The stitching and craftsmanship are top-notch, and I appreciate the variety of styles and washes available. These jeans have quickly become a staple in my wardrobe due to their great design and versatility.",positive
Nice fit and comfortable,positive
Great fit comfy jeans.,positive
Good value,positive
Not sure what boots were used for this pattern but they are not true boot cut. Ran narrow in the leg which is exactly what I was not looking for with these jeans. Returned.,negative
Bought these for my husband for work. Going to buy more. They look really good on him!,positive
Great cut and color ‚Ä¶ perfect for our fall preteen,positive
Perfect  for what I needed,positive
Loved,positive
"My child will actually wear them, which is saying a lot!",positive
Too big. Not my idea if what jeans feel like.,negative
"The pants are exactly what was advertised online...  The pants feel like a strong but very light fabric that feels great to wear on a casual day at work, fun with friends and also the pants would be a great match with a nice old Navy button up to go on a first/any date...",positive
Legs are super wide. Look weird,negative
Amazing fit,positive
Amazing fits perfect,positive
For my son and he loves them,positive
Extremely satisfied,positive
"Stretch is better..in ALL Jean's, at least a little bit. They had no give. Took them back.",positive
Sorry we returned this item as we picked the wrong size but they did seem like really nice jeans.,negative
Comfortable and well fitting!,positive
He likes them,positive
Very comfortable.  Don't even think that brand name or expensive jeans will beat these jeans.  I love the way it fits me just right and don't even breaking anymore bank.  Highly recommended.,mixed
"I got these at a great price, but you would never realize they were on sale based on the quality of the product. These jeans are solid and look and feel great",positive
Like,positive
These jeans are my son's favorite and has been for years - I always get him a new pair for Christmas!,positive
My husband love these jeans!,positive
What is from her boyfriend he like them but the pockets for a bit small,neutral
These jeans are made so small and narrow even in the Big Guy size which is really disappointing as I was so looking forward to wearing them.,negative
Beautiful jeans,positive
These jeans are pretty good quality!,positive
"My husband is 6'4"" and 230 pounds and these are midrise on him. They are loose and great for work but don't have any stretch. Because of this I recommend size up in the waist. Length is great.",mixed
AMAZING fit as always! Love it!,positive
These jeans fit great!!,positive
Like,positive
These jeans are my son's favorite and has been for years - I always get him a new pair for Christmas!,positive
My husband love these jeans!,positive
What is from her boyfriend he like them but the pockets for a bit small,neutral
These jeans are made so small and narrow even in the Big Guy size which is really disappointing as I was so looking forward to wearing them.,negative
Beautiful jeans,positive
These jeans are pretty good quality!,positive
"My husband is 6'4"" and 230 pounds and these are midrise on him. They are loose and great for work but don't have any stretch. Because of this I recommend size up in the waist. Length is great.",mixed
AMAZING fit as always! Love it!,positive
These jeans fit great!!,positive
"I cannot find any other brand of jeans that is classy, stylish and for a great price. I'm a dad of 4, so any deal helps! Thanks Old Navy.",positive
"A little more acid wash looking than I thought, otherwise great.",positive
"Perfect fit, right amount of room",positive
For a grandson. Loved them,positive
Fit great,positive
Bought all my husband's jean here so looks like likes it,positive
Nice fit!,positive
Pants fit peefectly,neutral
Comfortable,positive
"Big fan of the boot cut built in flex Jeans, the sizing does tend to be slightly different from pair to pair but they always fit and they're comfortable.",positive
Very soft and comfortable pants.  The color is lighter than expected but still a nice shade of gray.  Sizing seems to be accurate and washing them didn't shrink them or anything.  Material may be a little bit thin so not sure how long they will hold up.,mixed
"Snugger fit, long enough.",neutral
"Returned these - thought there was ""give"" in the waistband, but not enough...",negative
Bought for my teenage son. He absolutely loves them.,positive
Nice fit  Thin fabric,positive
"Comfortable & soft, great fit",positive
Love them super comfortable!,positive
Got this because it was on sale!!,positive
Great fit and great quality,positive
"nice fit, essential element for young mans wardrobe",positive
Got these for my son. They fit perfect! He loves them!,positive
"Comfortable, fit well. Really like the color",positive
"True to the size guide provided, best looking khakis I own",positive
"These pants are definitely pants, I put them on and it feels like I'm wearing pants",neutral
Fits good and I like them,positive
The pants perfectly fit my husband & quality of materials we're good.  We got them for a good price because of all the discounts & super cash rewards that we redeemed.  Thank you so much.  Looking forward for our next shopping.  More power.,positive
Excellent material and fit,positive
"Love the fit of the slim jeans, also has great voice of colors.",positive
Perfect fit my son is 6'4 150lbs,positive
Perfect fit and very comfortable,positive
"They were a bit to tight waiting for the next pair to get here. I went to store for refund, they wouldn't refund the delivery charge",negative
Love the fit and color! #sweepstakes,positive
Great pants‚Ä¶very comfortable! Wear to work pretty much everyday.,positive
Always a perfect fit. Can get a long length with narrow waist.,positive
Love the color,positive
Great fit and color,positive
"I wear this size in other old navy pants, but this didn't fit at all.",negative
Liked the quality and fast shipping,positive
Good fit,positive
My sons favorite pants!,positive
